group	nspecies	nclust	seeds
all	100002	53378	10614
all	100002	53601	1565367
all	100002	53315	15761
all	100002	53482	23103
all	100002	53524	29901
all	100002	53420	30363
all	100002	53386	5525
all	100002	53323	61733
all	100002	53382	7830
all	100002	53488	9390
all	10002	7936	10614
all	10002	7964	1565367
all	10002	7850	15761
all	10002	7913	23103
all	10002	7978	29901
all	10002	7902	30363
all	10002	7888	5525
all	10002	7927	61733
all	10002	7898	7830
all	10002	7858	9390
all	1002	934	10614
all	1002	936	1565367
all	1002	925	15761
all	1002	945	23103
all	1002	946	29901
all	1002	939	30363
all	1002	932	5525
all	1002	930	61733
all	1002	948	7830
all	1002	931	9390
all	101002	53794	10614
all	101002	54006	1565367
all	101002	53710	15761
all	101002	53883	23103
all	101002	53915	29901
all	101002	53822	30363
all	101002	53789	5525
all	101002	53741	61733
all	101002	53791	7830
all	101002	53863	9390
all	102002	54183	10614
all	102002	54386	1565367
all	102002	54127	15761
all	102002	54293	23103
all	102002	54305	29901
all	102002	54222	30363
all	102002	54167	5525
all	102002	54145	61733
all	102002	54202	7830
all	102002	54259	9390
all	103002	54574	10614
all	103002	54766	1565367
all	103002	54515	15761
all	103002	54681	23103
all	103002	54730	29901
all	103002	54615	30363
all	103002	54556	5525
all	103002	54543	61733
all	103002	54596	7830
all	103002	54655	9390
all	104002	54981	10614
all	104002	55167	1565367
all	104002	54910	15761
all	104002	55078	23103
all	104002	55126	29901
all	104002	55005	30363
all	104002	54961	5525
all	104002	54950	61733
all	104002	54987	7830
all	104002	55066	9390
all	105002	55362	10614
all	105002	55540	1565367
all	105002	55303	15761
all	105002	55473	23103
all	105002	55555	29901
all	105002	55406	30363
all	105002	55370	5525
all	105002	55362	61733
all	105002	55389	7830
all	105002	55488	9390
all	106002	55741	10614
all	106002	55923	1565367
all	106002	55692	15761
all	106002	55871	23103
all	106002	55941	29901
all	106002	55787	30363
all	106002	55753	5525
all	106002	55755	61733
all	106002	55774	7830
all	106002	55838	9390
all	107002	56129	10614
all	107002	56308	1565367
all	107002	56064	15761
all	107002	56240	23103
all	107002	56323	29901
all	107002	56193	30363
all	107002	56131	5525
all	107002	56154	61733
all	107002	56172	7830
all	107002	56201	9390
all	108002	56495	10614
all	108002	56693	1565367
all	108002	56449	15761
all	108002	56615	23103
all	108002	56695	29901
all	108002	56582	30363
all	108002	56527	5525
all	108002	56547	61733
all	108002	56571	7830
all	108002	56580	9390
all	109002	56888	10614
all	109002	57076	1565367
all	109002	56840	15761
all	109002	56983	23103
all	109002	57084	29901
all	109002	56977	30363
all	109002	56920	5525
all	109002	56916	61733
all	109002	56957	7830
all	109002	56953	9390
all	110002	57264	10614
all	110002	57454	1565367
all	110002	57218	15761
all	110002	57369	23103
all	110002	57439	29901
all	110002	57380	30363
all	110002	57307	5525
all	110002	57304	61733
all	110002	57348	7830
all	110002	57333	9390
all	11002	8611	10614
all	11002	8661	1565367
all	11002	8545	15761
all	11002	8610	23103
all	11002	8687	29901
all	11002	8584	30363
all	11002	8568	5525
all	11002	8632	61733
all	11002	8589	7830
all	11002	8564	9390
all	111002	57635	10614
all	111002	57829	1565367
all	111002	57610	15761
all	111002	57749	23103
all	111002	57812	29901
all	111002	57757	30363
all	111002	57700	5525
all	111002	57697	61733
all	111002	57728	7830
all	111002	57709	9390
all	112002	58025	10614
all	112002	58216	1565367
all	112002	58006	15761
all	112002	58110	23103
all	112002	58170	29901
all	112002	58105	30363
all	112002	58078	5525
all	112002	58068	61733
all	112002	58105	7830
all	112002	58095	9390
all	113002	58418	10614
all	113002	58599	1565367
all	113002	58401	15761
all	113002	58494	23103
all	113002	58563	29901
all	113002	58486	30363
all	113002	58461	5525
all	113002	58446	61733
all	113002	58486	7830
all	113002	58455	9390
all	114002	58787	10614
all	114002	58961	1565367
all	114002	58761	15761
all	114002	58874	23103
all	114002	58938	29901
all	114002	58880	30363
all	114002	58826	5525
all	114002	58846	61733
all	114002	58895	7830
all	114002	58819	9390
all	115002	59189	10614
all	115002	59306	1565367
all	115002	59121	15761
all	115002	59258	23103
all	115002	59282	29901
all	115002	59214	30363
all	115002	59201	5525
all	115002	59222	61733
all	115002	59278	7830
all	115002	59220	9390
all	116002	59575	10614
all	116002	59678	1565367
all	116002	59484	15761
all	116002	59630	23103
all	116002	59636	29901
all	116002	59577	30363
all	116002	59581	5525
all	116002	59574	61733
all	116002	59661	7830
all	116002	59605	9390
all	117002	59963	10614
all	117002	60041	1565367
all	117002	59871	15761
all	117002	59992	23103
all	117002	60030	29901
all	117002	59948	30363
all	117002	59973	5525
all	117002	59929	61733
all	117002	60045	7830
all	117002	59987	9390
all	118002	60320	10614
all	118002	60418	1565367
all	118002	60240	15761
all	118002	60365	23103
all	118002	60388	29901
all	118002	60326	30363
all	118002	60344	5525
all	118002	60327	61733
all	118002	60416	7830
all	118002	60344	9390
all	119002	60685	10614
all	119002	60823	1565367
all	119002	60610	15761
all	119002	60721	23103
all	119002	60733	29901
all	119002	60676	30363
all	119002	60717	5525
all	119002	60707	61733
all	119002	60801	7830
all	119002	60688	9390
all	120002	61071	10614
all	120002	61195	1565367
all	120002	60988	15761
all	120002	61094	23103
all	120002	61092	29901
all	120002	61047	30363
all	120002	61081	5525
all	120002	61097	61733
all	120002	61173	7830
all	120002	61067	9390
all	12002	9287	10614
all	12002	9332	1565367
all	12002	9226	15761
all	12002	9303	23103
all	12002	9358	29901
all	12002	9271	30363
all	12002	9252	5525
all	12002	9310	61733
all	12002	9280	7830
all	12002	9239	9390
all	121002	61446	10614
all	121002	61566	1565367
all	121002	61370	15761
all	121002	61470	23103
all	121002	61468	29901
all	121002	61405	30363
all	121002	61440	5525
all	121002	61431	61733
all	121002	61547	7830
all	121002	61423	9390
all	122002	61793	10614
all	122002	61949	1565367
all	122002	61734	15761
all	122002	61837	23103
all	122002	61833	29901
all	122002	61781	30363
all	122002	61799	5525
all	122002	61767	61733
all	122002	61912	7830
all	122002	61805	9390
all	123002	62162	10614
all	123002	62300	1565367
all	123002	62108	15761
all	123002	62214	23103
all	123002	62225	29901
all	123002	62127	30363
all	123002	62141	5525
all	123002	62143	61733
all	123002	62262	7830
all	123002	62165	9390
all	124002	62534	10614
all	124002	62626	1565367
all	124002	62491	15761
all	124002	62569	23103
all	124002	62594	29901
all	124002	62469	30363
all	124002	62525	5525
all	124002	62520	61733
all	124002	62621	7830
all	124002	62553	9390
all	125002	62892	10614
all	125002	62979	1565367
all	125002	62866	15761
all	125002	62931	23103
all	125002	62977	29901
all	125002	62846	30363
all	125002	62902	5525
all	125002	62891	61733
all	125002	62977	7830
all	125002	62906	9390
all	126002	63264	10614
all	126002	63319	1565367
all	126002	63247	15761
all	126002	63299	23103
all	126002	63326	29901
all	126002	63192	30363
all	126002	63260	5525
all	126002	63252	61733
all	126002	63329	7830
all	126002	63255	9390
all	127002	63620	10614
all	127002	63653	1565367
all	127002	63631	15761
all	127002	63664	23103
all	127002	63681	29901
all	127002	63564	30363
all	127002	63626	5525
all	127002	63653	61733
all	127002	63671	7830
all	127002	63605	9390
all	128002	63971	10614
all	128002	64016	1565367
all	128002	63981	15761
all	128002	64033	23103
all	128002	64035	29901
all	128002	63923	30363
all	128002	63981	5525
all	128002	64007	61733
all	128002	64052	7830
all	128002	63955	9390
all	129002	64332	10614
all	129002	64354	1565367
all	129002	64296	15761
all	129002	64388	23103
all	129002	64378	29901
all	129002	64260	30363
all	129002	64322	5525
all	129002	64357	61733
all	129002	64398	7830
all	129002	64314	9390
all	130002	64688	10614
all	130002	64730	1565367
all	130002	64639	15761
all	130002	64742	23103
all	130002	64704	29901
all	130002	64623	30363
all	130002	64667	5525
all	130002	64710	61733
all	130002	64767	7830
all	130002	64688	9390
all	13002	9944	10614
all	13002	9999	1565367
all	13002	9871	15761
all	13002	9969	23103
all	13002	10020	29901
all	13002	9936	30363
all	13002	9912	5525
all	13002	9988	61733
all	13002	9963	7830
all	13002	9915	9390
all	131002	65064	10614
all	131002	65097	1565367
all	131002	65028	15761
all	131002	65097	23103
all	131002	65085	29901
all	131002	65009	30363
all	131002	65009	5525
all	131002	65089	61733
all	131002	65126	7830
all	131002	65067	9390
all	132002	65429	10614
all	132002	65457	1565367
all	132002	65369	15761
all	132002	65442	23103
all	132002	65450	29901
all	132002	65390	30363
all	132002	65353	5525
all	132002	65436	61733
all	132002	65443	7830
all	132002	65403	9390
all	133002	65792	10614
all	133002	65838	1565367
all	133002	65715	15761
all	133002	65766	23103
all	133002	65820	29901
all	133002	65730	30363
all	133002	65700	5525
all	133002	65792	61733
all	133002	65771	7830
all	133002	65744	9390
all	134002	66146	10614
all	134002	66190	1565367
all	134002	66063	15761
all	134002	66130	23103
all	134002	66150	29901
all	134002	66089	30363
all	134002	66043	5525
all	134002	66109	61733
all	134002	66130	7830
all	134002	66092	9390
all	135002	66482	10614
all	135002	66535	1565367
all	135002	66407	15761
all	135002	66481	23103
all	135002	66502	29901
all	135002	66447	30363
all	135002	66400	5525
all	135002	66458	61733
all	135002	66466	7830
all	135002	66458	9390
all	136002	66847	10614
all	136002	66885	1565367
all	136002	66761	15761
all	136002	66823	23103
all	136002	66874	29901
all	136002	66789	30363
all	136002	66782	5525
all	136002	66821	61733
all	136002	66842	7830
all	136002	66806	9390
all	137002	67186	10614
all	137002	67218	1565367
all	137002	67118	15761
all	137002	67154	23103
all	137002	67230	29901
all	137002	67128	30363
all	137002	67139	5525
all	137002	67164	61733
all	137002	67171	7830
all	137002	67176	9390
all	138002	67534	10614
all	138002	67545	1565367
all	138002	67479	15761
all	138002	67493	23103
all	138002	67552	29901
all	138002	67487	30363
all	138002	67492	5525
all	138002	67523	61733
all	138002	67537	7830
all	138002	67523	9390
all	139002	67854	10614
all	139002	67898	1565367
all	139002	67821	15761
all	139002	67861	23103
all	139002	67882	29901
all	139002	67846	30363
all	139002	67851	5525
all	139002	67866	61733
all	139002	67872	7830
all	139002	67864	9390
all	140002	68217	10614
all	140002	68250	1565367
all	140002	68203	15761
all	140002	68208	23103
all	140002	68231	29901
all	140002	68195	30363
all	140002	68196	5525
all	140002	68207	61733
all	140002	68230	7830
all	140002	68205	9390
all	14002	10628	10614
all	14002	10675	1565367
all	14002	10516	15761
all	14002	10618	23103
all	14002	10704	29901
all	14002	10617	30363
all	14002	10572	5525
all	14002	10646	61733
all	14002	10646	7830
all	14002	10576	9390
all	141002	68574	10614
all	141002	68564	1565367
all	141002	68552	15761
all	141002	68554	23103
all	141002	68570	29901
all	141002	68537	30363
all	141002	68537	5525
all	141002	68556	61733
all	141002	68580	7830
all	141002	68557	9390
all	141483	68720	10614
all	141483	68720	1565367
all	141483	68720	15761
all	141483	68720	23103
all	141483	68720	29901
all	141483	68720	30363
all	141483	68720	5525
all	141483	68720	61733
all	141483	68720	7830
all	141483	68720	9390
all	15002	11284	10614
all	15002	11336	1565367
all	15002	11190	15761
all	15002	11279	23103
all	15002	11349	29901
all	15002	11282	30363
all	15002	11243	5525
all	15002	11331	61733
all	15002	11324	7830
all	15002	11237	9390
all	16002	11939	10614
all	16002	12001	1565367
all	16002	11860	15761
all	16002	11932	23103
all	16002	12004	29901
all	16002	11937	30363
all	16002	11895	5525
all	16002	11992	61733
all	16002	11970	7830
all	16002	11896	9390
all	17002	12591	10614
all	17002	12646	1565367
all	17002	12497	15761
all	17002	12579	23103
all	17002	12641	29901
all	17002	12595	30363
all	17002	12550	5525
all	17002	12661	61733
all	17002	12630	7830
all	17002	12545	9390
all	18002	13233	10614
all	18002	13277	1565367
all	18002	13172	15761
all	18002	13221	23103
all	18002	13253	29901
all	18002	13212	30363
all	18002	13167	5525
all	18002	13277	61733
all	18002	13267	7830
all	18002	13165	9390
all	19002	13872	10614
all	19002	13919	1565367
all	19002	13809	15761
all	19002	13886	23103
all	19002	13876	29901
all	19002	13833	30363
all	19002	13789	5525
all	19002	13882	61733
all	19002	13892	7830
all	19002	13782	9390
all	20002	14485	10614
all	20002	14573	1565367
all	20002	14417	15761
all	20002	14526	23103
all	20002	14512	29901
all	20002	14468	30363
all	20002	14388	5525
all	20002	14499	61733
all	20002	14494	7830
all	20002	14417	9390
all	2002	1810	10614
all	2002	1795	1565367
all	2002	1794	15761
all	2002	1827	23103
all	2002	1819	29901
all	2002	1812	30363
all	2002	1823	5525
all	2002	1786	61733
all	2002	1828	7830
all	2002	1809	9390
all	21002	15121	10614
all	21002	15200	1565367
all	21002	15064	15761
all	21002	15148	23103
all	21002	15145	29901
all	21002	15105	30363
all	21002	15013	5525
all	21002	15118	61733
all	21002	15113	7830
all	21002	15008	9390
all	22002	15754	10614
all	22002	15825	1565367
all	22002	15679	15761
all	22002	15762	23103
all	22002	15766	29901
all	22002	15714	30363
all	22002	15604	5525
all	22002	15741	61733
all	22002	15722	7830
all	22002	15585	9390
all	23002	16367	10614
all	23002	16409	1565367
all	23002	16285	15761
all	23002	16368	23103
all	23002	16375	29901
all	23002	16328	30363
all	23002	16217	5525
all	23002	16347	61733
all	23002	16333	7830
all	23002	16156	9390
all	24002	16973	10614
all	24002	17005	1565367
all	24002	16885	15761
all	24002	16962	23103
all	24002	16989	29901
all	24002	16927	30363
all	24002	16834	5525
all	24002	16940	61733
all	24002	16924	7830
all	24002	16754	9390
all	25002	17581	10614
all	25002	17592	1565367
all	25002	17476	15761
all	25002	17573	23103
all	25002	17600	29901
all	25002	17518	30363
all	25002	17425	5525
all	25002	17542	61733
all	25002	17526	7830
all	25002	17339	9390
all	26002	18189	10614
all	26002	18162	1565367
all	26002	18069	15761
all	26002	18178	23103
all	26002	18165	29901
all	26002	18105	30363
all	26002	17999	5525
all	26002	18130	61733
all	26002	18102	7830
all	26002	17942	9390
all	27002	18758	10614
all	27002	18750	1565367
all	27002	18662	15761
all	27002	18764	23103
all	27002	18766	29901
all	27002	18693	30363
all	27002	18598	5525
all	27002	18678	61733
all	27002	18704	7830
all	27002	18546	9390
all	28002	19350	10614
all	28002	19317	1565367
all	28002	19272	15761
all	28002	19366	23103
all	28002	19374	29901
all	28002	19279	30363
all	28002	19198	5525
all	28002	19255	61733
all	28002	19295	7830
all	28002	19147	9390
all	29002	19923	10614
all	29002	19891	1565367
all	29002	19848	15761
all	29002	19928	23103
all	29002	19947	29901
all	29002	19852	30363
all	29002	19793	5525
all	29002	19844	61733
all	29002	19877	7830
all	29002	19709	9390
all	2	3	10614
all	2	3	1565367
all	2	3	15761
all	2	3	23103
all	2	3	29901
all	2	3	30363
all	2	3	5525
all	2	3	61733
all	2	3	7830
all	2	3	9390
all	30002	20487	10614
all	30002	20486	1565367
all	30002	20421	15761
all	30002	20507	23103
all	30002	20535	29901
all	30002	20432	30363
all	30002	20362	5525
all	30002	20435	61733
all	30002	20455	7830
all	30002	20323	9390
all	3002	2664	10614
all	3002	2654	1565367
all	3002	2606	15761
all	3002	2673	23103
all	3002	2649	29901
all	3002	2662	30363
all	3002	2644	5525
all	3002	2613	61733
all	3002	2668	7830
all	3002	2646	9390
all	31002	21047	10614
all	31002	21083	1565367
all	31002	21014	15761
all	31002	21078	23103
all	31002	21104	29901
all	31002	21019	30363
all	31002	20943	5525
all	31002	20980	61733
all	31002	21049	7830
all	31002	20890	9390
all	32002	21630	10614
all	32002	21649	1565367
all	32002	21607	15761
all	32002	21636	23103
all	32002	21686	29901
all	32002	21590	30363
all	32002	21501	5525
all	32002	21538	61733
all	32002	21584	7830
all	32002	21456	9390
all	33002	22190	10614
all	33002	22212	1565367
all	33002	22146	15761
all	33002	22196	23103
all	33002	22250	29901
all	33002	22139	30363
all	33002	22045	5525
all	33002	22124	61733
all	33002	22134	7830
all	33002	22019	9390
all	34002	22735	10614
all	34002	22768	1565367
all	34002	22697	15761
all	34002	22734	23103
all	34002	22818	29901
all	34002	22689	30363
all	34002	22616	5525
all	34002	22644	61733
all	34002	22661	7830
all	34002	22586	9390
all	35002	23319	10614
all	35002	23330	1565367
all	35002	23255	15761
all	35002	23299	23103
all	35002	23365	29901
all	35002	23252	30363
all	35002	23177	5525
all	35002	23195	61733
all	35002	23226	7830
all	35002	23129	9390
all	36002	23831	10614
all	36002	23867	1565367
all	36002	23827	15761
all	36002	23834	23103
all	36002	23905	29901
all	36002	23804	30363
all	36002	23716	5525
all	36002	23725	61733
all	36002	23780	7830
all	36002	23691	9390
all	37002	24346	10614
all	37002	24382	1565367
all	37002	24370	15761
all	37002	24360	23103
all	37002	24471	29901
all	37002	24360	30363
all	37002	24268	5525
all	37002	24264	61733
all	37002	24310	7830
all	37002	24225	9390
all	38002	24908	10614
all	38002	24918	1565367
all	38002	24905	15761
all	38002	24909	23103
all	38002	25013	29901
all	38002	24911	30363
all	38002	24842	5525
all	38002	24816	61733
all	38002	24854	7830
all	38002	24764	9390
all	39002	25426	10614
all	39002	25476	1565367
all	39002	25459	15761
all	39002	25431	23103
all	39002	25556	29901
all	39002	25450	30363
all	39002	25383	5525
all	39002	25361	61733
all	39002	25365	7830
all	39002	25299	9390
all	40002	25982	10614
all	40002	25997	1565367
all	40002	25980	15761
all	40002	25940	23103
all	40002	26059	29901
all	40002	25971	30363
all	40002	25905	5525
all	40002	25901	61733
all	40002	25878	7830
all	40002	25839	9390
all	4002	3472	10614
all	4002	3479	1565367
all	4002	3423	15761
all	4002	3459	23103
all	4002	3481	29901
all	4002	3485	30363
all	4002	3459	5525
all	4002	3415	61733
all	4002	3453	7830
all	4002	3427	9390
all	41002	26513	10614
all	41002	26550	1565367
all	41002	26505	15761
all	41002	26485	23103
all	41002	26610	29901
all	41002	26499	30363
all	41002	26456	5525
all	41002	26409	61733
all	41002	26387	7830
all	41002	26385	9390
all	42002	27042	10614
all	42002	27048	1565367
all	42002	27013	15761
all	42002	27002	23103
all	42002	27141	29901
all	42002	27051	30363
all	42002	26985	5525
all	42002	26921	61733
all	42002	26921	7830
all	42002	26919	9390
all	43002	27561	10614
all	43002	27603	1565367
all	43002	27560	15761
all	43002	27536	23103
all	43002	27690	29901
all	43002	27586	30363
all	43002	27492	5525
all	43002	27456	61733
all	43002	27436	7830
all	43002	27449	9390
all	44002	28085	10614
all	44002	28135	1565367
all	44002	28096	15761
all	44002	28047	23103
all	44002	28222	29901
all	44002	28117	30363
all	44002	28021	5525
all	44002	27981	61733
all	44002	27956	7830
all	44002	27957	9390
all	45002	28597	10614
all	45002	28654	1565367
all	45002	28623	15761
all	45002	28589	23103
all	45002	28735	29901
all	45002	28610	30363
all	45002	28517	5525
all	45002	28481	61733
all	45002	28489	7830
all	45002	28467	9390
all	46002	29113	10614
all	46002	29161	1565367
all	46002	29159	15761
all	46002	29093	23103
all	46002	29240	29901
all	46002	29107	30363
all	46002	29033	5525
all	46002	28992	61733
all	46002	29026	7830
all	46002	29003	9390
all	47002	29621	10614
all	47002	29696	1565367
all	47002	29668	15761
all	47002	29634	23103
all	47002	29734	29901
all	47002	29623	30363
all	47002	29553	5525
all	47002	29533	61733
all	47002	29531	7830
all	47002	29525	9390
all	48002	30107	10614
all	48002	30226	1565367
all	48002	30184	15761
all	48002	30133	23103
all	48002	30251	29901
all	48002	30120	30363
all	48002	30063	5525
all	48002	30049	61733
all	48002	30024	7830
all	48002	30059	9390
all	49002	30611	10614
all	49002	30741	1565367
all	49002	30672	15761
all	49002	30625	23103
all	49002	30735	29901
all	49002	30628	30363
all	49002	30570	5525
all	49002	30539	61733
all	49002	30522	7830
all	49002	30542	9390
all	50002	31131	10614
all	50002	31264	1565367
all	50002	31179	15761
all	50002	31135	23103
all	50002	31213	29901
all	50002	31128	30363
all	50002	31073	5525
all	50002	31027	61733
all	50002	31016	7830
all	50002	31061	9390
all	5002	4236	10614
all	5002	4257	1565367
all	5002	4199	15761
all	5002	4232	23103
all	5002	4273	29901
all	5002	4248	30363
all	5002	4234	5525
all	5002	4208	61733
all	5002	4228	7830
all	5002	4227	9390
all	51002	31634	10614
all	51002	31790	1565367
all	51002	31653	15761
all	51002	31645	23103
all	51002	31719	29901
all	51002	31618	30363
all	51002	31576	5525
all	51002	31484	61733
all	51002	31501	7830
all	51002	31581	9390
all	52002	32146	10614
all	52002	32298	1565367
all	52002	32134	15761
all	52002	32132	23103
all	52002	32235	29901
all	52002	32116	30363
all	52002	32071	5525
all	52002	31970	61733
all	52002	31985	7830
all	52002	32100	9390
all	53002	32637	10614
all	53002	32792	1565367
all	53002	32612	15761
all	53002	32615	23103
all	53002	32726	29901
all	53002	32628	30363
all	53002	32563	5525
all	53002	32449	61733
all	53002	32514	7830
all	53002	32628	9390
all	54002	33125	10614
all	54002	33266	1565367
all	54002	33104	15761
all	54002	33140	23103
all	54002	33214	29901
all	54002	33116	30363
all	54002	33052	5525
all	54002	32924	61733
all	54002	33021	7830
all	54002	33129	9390
all	55002	33644	10614
all	55002	33717	1565367
all	55002	33580	15761
all	55002	33643	23103
all	55002	33715	29901
all	55002	33605	30363
all	55002	33530	5525
all	55002	33391	61733
all	55002	33510	7830
all	55002	33609	9390
all	56002	34132	10614
all	56002	34194	1565367
all	56002	34064	15761
all	56002	34142	23103
all	56002	34201	29901
all	56002	34096	30363
all	56002	34021	5525
all	56002	33882	61733
all	56002	33960	7830
all	56002	34080	9390
all	57002	34592	10614
all	57002	34668	1565367
all	57002	34568	15761
all	57002	34633	23103
all	57002	34682	29901
all	57002	34571	30363
all	57002	34530	5525
all	57002	34371	61733
all	57002	34437	7830
all	57002	34579	9390
all	58002	35062	10614
all	58002	35154	1565367
all	58002	35069	15761
all	58002	35149	23103
all	58002	35165	29901
all	58002	35056	30363
all	58002	34999	5525
all	58002	34842	61733
all	58002	34918	7830
all	58002	35054	9390
all	59002	35525	10614
all	59002	35666	1565367
all	59002	35534	15761
all	59002	35611	23103
all	59002	35631	29901
all	59002	35544	30363
all	59002	35478	5525
all	59002	35341	61733
all	59002	35417	7830
all	59002	35547	9390
all	60002	35982	10614
all	60002	36147	1565367
all	60002	35979	15761
all	60002	36102	23103
all	60002	36136	29901
all	60002	36019	30363
all	60002	35949	5525
all	60002	35835	61733
all	60002	35862	7830
all	60002	36018	9390
all	6002	4996	10614
all	6002	5009	1565367
all	6002	4951	15761
all	6002	5003	23103
all	6002	5027	29901
all	6002	5027	30363
all	6002	4994	5525
all	6002	4981	61733
all	6002	5013	7830
all	6002	4984	9390
all	61002	36473	10614
all	61002	36613	1565367
all	61002	36471	15761
all	61002	36600	23103
all	61002	36622	29901
all	61002	36495	30363
all	61002	36417	5525
all	61002	36335	61733
all	61002	36323	7830
all	61002	36500	9390
all	62002	36949	10614
all	62002	37086	1565367
all	62002	36933	15761
all	62002	37081	23103
all	62002	37107	29901
all	62002	36959	30363
all	62002	36870	5525
all	62002	36804	61733
all	62002	36775	7830
all	62002	36976	9390
all	63002	37413	10614
all	63002	37546	1565367
all	63002	37395	15761
all	63002	37555	23103
all	63002	37579	29901
all	63002	37441	30363
all	63002	37333	5525
all	63002	37279	61733
all	63002	37254	7830
all	63002	37467	9390
all	64002	37872	10614
all	64002	38024	1565367
all	64002	37870	15761
all	64002	38028	23103
all	64002	38033	29901
all	64002	37886	30363
all	64002	37791	5525
all	64002	37757	61733
all	64002	37708	7830
all	64002	37931	9390
all	65002	38326	10614
all	65002	38491	1565367
all	65002	38337	15761
all	65002	38499	23103
all	65002	38519	29901
all	65002	38339	30363
all	65002	38271	5525
all	65002	38237	61733
all	65002	38178	7830
all	65002	38420	9390
all	66002	38753	10614
all	66002	38972	1565367
all	66002	38816	15761
all	66002	38970	23103
all	66002	38973	29901
all	66002	38795	30363
all	66002	38735	5525
all	66002	38716	61733
all	66002	38657	7830
all	66002	38882	9390
all	67002	39229	10614
all	67002	39451	1565367
all	67002	39286	15761
all	67002	39410	23103
all	67002	39437	29901
all	67002	39249	30363
all	67002	39200	5525
all	67002	39163	61733
all	67002	39121	7830
all	67002	39336	9390
all	68002	39680	10614
all	68002	39884	1565367
all	68002	39746	15761
all	68002	39860	23103
all	68002	39902	29901
all	68002	39715	30363
all	68002	39679	5525
all	68002	39623	61733
all	68002	39569	7830
all	68002	39812	9390
all	69002	40143	10614
all	69002	40354	1565367
all	69002	40231	15761
all	69002	40322	23103
all	69002	40370	29901
all	69002	40160	30363
all	69002	40143	5525
all	69002	40096	61733
all	69002	40008	7830
all	69002	40244	9390
all	70002	40602	10614
all	70002	40795	1565367
all	70002	40649	15761
all	70002	40773	23103
all	70002	40816	29901
all	70002	40647	30363
all	70002	40598	5525
all	70002	40530	61733
all	70002	40475	7830
all	70002	40704	9390
all	7002	5732	10614
all	7002	5770	1565367
all	7002	5704	15761
all	7002	5755	23103
all	7002	5783	29901
all	7002	5783	30363
all	7002	5732	5525
all	7002	5742	61733
all	7002	5758	7830
all	7002	5719	9390
all	71002	41061	10614
all	71002	41237	1565367
all	71002	41081	15761
all	71002	41224	23103
all	71002	41267	29901
all	71002	41113	30363
all	71002	41053	5525
all	71002	40994	61733
all	71002	40960	7830
all	71002	41164	9390
all	72002	41531	10614
all	72002	41695	1565367
all	72002	41522	15761
all	72002	41646	23103
all	72002	41726	29901
all	72002	41560	30363
all	72002	41495	5525
all	72002	41439	61733
all	72002	41410	7830
all	72002	41629	9390
all	73002	41997	10614
all	73002	42122	1565367
all	73002	41960	15761
all	73002	42123	23103
all	73002	42179	29901
all	73002	42006	30363
all	73002	41951	5525
all	73002	41910	61733
all	73002	41852	7830
all	73002	42060	9390
all	74002	42452	10614
all	74002	42562	1565367
all	74002	42390	15761
all	74002	42571	23103
all	74002	42617	29901
all	74002	42448	30363
all	74002	42374	5525
all	74002	42338	61733
all	74002	42293	7830
all	74002	42526	9390
all	75002	42888	10614
all	75002	43016	1565367
all	75002	42852	15761
all	75002	42983	23103
all	75002	43052	29901
all	75002	42901	30363
all	75002	42817	5525
all	75002	42765	61733
all	75002	42763	7830
all	75002	42967	9390
all	76002	43323	10614
all	76002	43489	1565367
all	76002	43311	15761
all	76002	43430	23103
all	76002	43481	29901
all	76002	43345	30363
all	76002	43242	5525
all	76002	43208	61733
all	76002	43215	7830
all	76002	43424	9390
all	77002	43754	10614
all	77002	43943	1565367
all	77002	43764	15761
all	77002	43886	23103
all	77002	43909	29901
all	77002	43795	30363
all	77002	43714	5525
all	77002	43650	61733
all	77002	43686	7830
all	77002	43839	9390
all	78002	44212	10614
all	78002	44365	1565367
all	78002	44186	15761
all	78002	44327	23103
all	78002	44335	29901
all	78002	44259	30363
all	78002	44135	5525
all	78002	44088	61733
all	78002	44138	7830
all	78002	44286	9390
all	79002	44634	10614
all	79002	44821	1565367
all	79002	44620	15761
all	79002	44764	23103
all	79002	44750	29901
all	79002	44692	30363
all	79002	44559	5525
all	79002	44537	61733
all	79002	44571	7830
all	79002	44727	9390
all	80002	45047	10614
all	80002	45263	1565367
all	80002	45055	15761
all	80002	45188	23103
all	80002	45188	29901
all	80002	45104	30363
all	80002	45005	5525
all	80002	44981	61733
all	80002	45013	7830
all	80002	45188	9390
all	8002	6493	10614
all	8002	6522	1565367
all	8002	6407	15761
all	8002	6483	23103
all	8002	6527	29901
all	8002	6517	30363
all	8002	6467	5525
all	8002	6498	61733
all	8002	6476	7830
all	8002	6426	9390
all	81002	45490	10614
all	81002	45687	1565367
all	81002	45461	15761
all	81002	45614	23103
all	81002	45618	29901
all	81002	45532	30363
all	81002	45434	5525
all	81002	45428	61733
all	81002	45485	7830
all	81002	45634	9390
all	82002	45921	10614
all	82002	46109	1565367
all	82002	45900	15761
all	82002	46041	23103
all	82002	46067	29901
all	82002	45932	30363
all	82002	45876	5525
all	82002	45871	61733
all	82002	45906	7830
all	82002	46091	9390
all	83002	46329	10614
all	83002	46556	1565367
all	83002	46297	15761
all	83002	46456	23103
all	83002	46497	29901
all	83002	46366	30363
all	83002	46289	5525
all	83002	46323	61733
all	83002	46345	7830
all	83002	46521	9390
all	84002	46731	10614
all	84002	47024	1565367
all	84002	46715	15761
all	84002	46893	23103
all	84002	46946	29901
all	84002	46791	30363
all	84002	46724	5525
all	84002	46722	61733
all	84002	46772	7830
all	84002	46963	9390
all	85002	47141	10614
all	85002	47475	1565367
all	85002	47154	15761
all	85002	47325	23103
all	85002	47376	29901
all	85002	47243	30363
all	85002	47140	5525
all	85002	47135	61733
all	85002	47216	7830
all	85002	47401	9390
all	86002	47564	10614
all	86002	47897	1565367
all	86002	47589	15761
all	86002	47733	23103
all	86002	47820	29901
all	86002	47670	30363
all	86002	47569	5525
all	86002	47566	61733
all	86002	47630	7830
all	86002	47816	9390
all	87002	47995	10614
all	87002	48350	1565367
all	87002	48005	15761
all	87002	48135	23103
all	87002	48266	29901
all	87002	48102	30363
all	87002	47976	5525
all	87002	47986	61733
all	87002	48061	7830
all	87002	48250	9390
all	88002	48434	10614
all	88002	48787	1565367
all	88002	48441	15761
all	88002	48553	23103
all	88002	48665	29901
all	88002	48541	30363
all	88002	48398	5525
all	88002	48406	61733
all	88002	48497	7830
all	88002	48651	9390
all	89002	48839	10614
all	89002	49189	1565367
all	89002	48871	15761
all	89002	48991	23103
all	89002	49078	29901
all	89002	48977	30363
all	89002	48795	5525
all	89002	48827	61733
all	89002	48937	7830
all	89002	49071	9390
all	90002	49287	10614
all	90002	49612	1565367
all	90002	49293	15761
all	90002	49407	23103
all	90002	49487	29901
all	90002	49387	30363
all	90002	49219	5525
all	90002	49255	61733
all	90002	49330	7830
all	90002	49486	9390
all	9002	7209	10614
all	9002	7241	1565367
all	9002	7138	15761
all	9002	7190	23103
all	9002	7252	29901
all	9002	7226	30363
all	9002	7183	5525
all	9002	7218	61733
all	9002	7198	7830
all	9002	7139	9390
all	91002	49694	10614
all	91002	50047	1565367
all	91002	49695	15761
all	91002	49825	23103
all	91002	49908	29901
all	91002	49801	30363
all	91002	49650	5525
all	91002	49685	61733
all	91002	49733	7830
all	91002	49896	9390
all	92002	50106	10614
all	92002	50441	1565367
all	92002	50123	15761
all	92002	50266	23103
all	92002	50317	29901
all	92002	50205	30363
all	92002	50062	5525
all	92002	50090	61733
all	92002	50165	7830
all	92002	50295	9390
all	93002	50503	10614
all	93002	50830	1565367
all	93002	50503	15761
all	93002	50687	23103
all	93002	50724	29901
all	93002	50609	30363
all	93002	50475	5525
all	93002	50487	61733
all	93002	50566	7830
all	93002	50663	9390
all	94002	50932	10614
all	94002	51244	1565367
all	94002	50916	15761
all	94002	51067	23103
all	94002	51154	29901
all	94002	51018	30363
all	94002	50860	5525
all	94002	50888	61733
all	94002	50973	7830
all	94002	51065	9390
all	95002	51332	10614
all	95002	51650	1565367
all	95002	51311	15761
all	95002	51497	23103
all	95002	51536	29901
all	95002	51403	30363
all	95002	51291	5525
all	95002	51305	61733
all	95002	51372	7830
all	95002	51505	9390
all	96002	51734	10614
all	96002	52048	1565367
all	96002	51751	15761
all	96002	51865	23103
all	96002	51946	29901
all	96002	51825	30363
all	96002	51680	5525
all	96002	51718	61733
all	96002	51767	7830
all	96002	51905	9390
all	97002	52142	10614
all	97002	52428	1565367
all	97002	52157	15761
all	97002	52274	23103
all	97002	52320	29901
all	97002	52222	30363
all	97002	52095	5525
all	97002	52135	61733
all	97002	52153	7830
all	97002	52341	9390
all	98002	52544	10614
all	98002	52847	1565367
all	98002	52542	15761
all	98002	52683	23103
all	98002	52721	29901
all	98002	52615	30363
all	98002	52530	5525
all	98002	52504	61733
all	98002	52548	7830
all	98002	52740	9390
all	99002	52962	10614
all	99002	53219	1565367
all	99002	52921	15761
all	99002	53087	23103
all	99002	53143	29901
all	99002	53027	30363
all	99002	52949	5525
all	99002	52902	61733
all	99002	52960	7830
all	99002	53125	9390
all	99002	53125	9390
nosingletons	10002	6256	10614
nosingletons	10002	6237	1565367
nosingletons	10002	6234	15761
nosingletons	10002	6216	23103
nosingletons	10002	6203	29901
nosingletons	10002	6189	30363
nosingletons	10002	6270	5525
nosingletons	10002	6205	61733
nosingletons	10002	6267	7830
nosingletons	10002	6194	9390
nosingletons	1002	886	10614
nosingletons	1002	891	1565367
nosingletons	1002	868	15761
nosingletons	1002	872	23103
nosingletons	1002	862	29901
nosingletons	1002	886	30363
nosingletons	1002	888	5525
nosingletons	1002	879	61733
nosingletons	1002	881	7830
nosingletons	1002	882	9390
nosingletons	11002	6743	10614
nosingletons	11002	6688	1565367
nosingletons	11002	6700	15761
nosingletons	11002	6672	23103
nosingletons	11002	6679	29901
nosingletons	11002	6663	30363
nosingletons	11002	6731	5525
nosingletons	11002	6678	61733
nosingletons	11002	6714	7830
nosingletons	11002	6669	9390
nosingletons	12002	7201	10614
nosingletons	12002	7125	1565367
nosingletons	12002	7147	15761
nosingletons	12002	7084	23103
nosingletons	12002	7122	29901
nosingletons	12002	7091	30363
nosingletons	12002	7182	5525
nosingletons	12002	7122	61733
nosingletons	12002	7167	7830
nosingletons	12002	7110	9390
nosingletons	13002	7652	10614
nosingletons	13002	7547	1565367
nosingletons	13002	7566	15761
nosingletons	13002	7530	23103
nosingletons	13002	7558	29901
nosingletons	13002	7520	30363
nosingletons	13002	7616	5525
nosingletons	13002	7543	61733
nosingletons	13002	7605	7830
nosingletons	13002	7537	9390
nosingletons	14002	8063	10614
nosingletons	14002	7942	1565367
nosingletons	14002	7968	15761
nosingletons	14002	7948	23103
nosingletons	14002	7983	29901
nosingletons	14002	7936	30363
nosingletons	14002	8049	5525
nosingletons	14002	7957	61733
nosingletons	14002	8036	7830
nosingletons	14002	7963	9390
nosingletons	15002	8489	10614
nosingletons	15002	8354	1565367
nosingletons	15002	8357	15761
nosingletons	15002	8335	23103
nosingletons	15002	8398	29901
nosingletons	15002	8375	30363
nosingletons	15002	8430	5525
nosingletons	15002	8378	61733
nosingletons	15002	8430	7830
nosingletons	15002	8383	9390
nosingletons	16002	8900	10614
nosingletons	16002	8754	1565367
nosingletons	16002	8765	15761
nosingletons	16002	8717	23103
nosingletons	16002	8771	29901
nosingletons	16002	8768	30363
nosingletons	16002	8827	5525
nosingletons	16002	8786	61733
nosingletons	16002	8818	7830
nosingletons	16002	8743	9390
nosingletons	17002	9268	10614
nosingletons	17002	9169	1565367
nosingletons	17002	9150	15761
nosingletons	17002	9093	23103
nosingletons	17002	9155	29901
nosingletons	17002	9164	30363
nosingletons	17002	9217	5525
nosingletons	17002	9161	61733
nosingletons	17002	9195	7830
nosingletons	17002	9136	9390
nosingletons	18002	9639	10614
nosingletons	18002	9528	1565367
nosingletons	18002	9518	15761
nosingletons	18002	9464	23103
nosingletons	18002	9505	29901
nosingletons	18002	9560	30363
nosingletons	18002	9598	5525
nosingletons	18002	9548	61733
nosingletons	18002	9560	7830
nosingletons	18002	9523	9390
nosingletons	19002	10000	10614
nosingletons	19002	9877	1565367
nosingletons	19002	9873	15761
nosingletons	19002	9817	23103
nosingletons	19002	9843	29901
nosingletons	19002	9913	30363
nosingletons	19002	9936	5525
nosingletons	19002	9913	61733
nosingletons	19002	9943	7830
nosingletons	19002	9866	9390
nosingletons	20002	10351	10614
nosingletons	20002	10229	1565367
nosingletons	20002	10237	15761
nosingletons	20002	10187	23103
nosingletons	20002	10185	29901
nosingletons	20002	10255	30363
nosingletons	20002	10286	5525
nosingletons	20002	10252	61733
nosingletons	20002	10279	7830
nosingletons	20002	10201	9390
nosingletons	2002	1640	10614
nosingletons	2002	1639	1565367
nosingletons	2002	1646	15761
nosingletons	2002	1655	23103
nosingletons	2002	1620	29901
nosingletons	2002	1652	30363
nosingletons	2002	1656	5525
nosingletons	2002	1648	61733
nosingletons	2002	1632	7830
nosingletons	2002	1636	9390
nosingletons	21002	10665	10614
nosingletons	21002	10589	1565367
nosingletons	21002	10575	15761
nosingletons	21002	10538	23103
nosingletons	21002	10537	29901
nosingletons	21002	10594	30363
nosingletons	21002	10619	5525
nosingletons	21002	10593	61733
nosingletons	21002	10605	7830
nosingletons	21002	10528	9390
nosingletons	22002	11004	10614
nosingletons	22002	10913	1565367
nosingletons	22002	10906	15761
nosingletons	22002	10863	23103
nosingletons	22002	10856	29901
nosingletons	22002	10914	30363
nosingletons	22002	10934	5525
nosingletons	22002	10920	61733
nosingletons	22002	10944	7830
nosingletons	22002	10834	9390
nosingletons	23002	11297	10614
nosingletons	23002	11237	1565367
nosingletons	23002	11227	15761
nosingletons	23002	11182	23103
nosingletons	23002	11182	29901
nosingletons	23002	11242	30363
nosingletons	23002	11243	5525
nosingletons	23002	11237	61733
nosingletons	23002	11251	7830
nosingletons	23002	11138	9390
nosingletons	24002	11595	10614
nosingletons	24002	11562	1565367
nosingletons	24002	11553	15761
nosingletons	24002	11508	23103
nosingletons	24002	11485	29901
nosingletons	24002	11559	30363
nosingletons	24002	11564	5525
nosingletons	24002	11553	61733
nosingletons	24002	11576	7830
nosingletons	24002	11458	9390
nosingletons	25002	11907	10614
nosingletons	25002	11839	1565367
nosingletons	25002	11848	15761
nosingletons	25002	11784	23103
nosingletons	25002	11783	29901
nosingletons	25002	11882	30363
nosingletons	25002	11873	5525
nosingletons	25002	11860	61733
nosingletons	25002	11863	7830
nosingletons	25002	11762	9390
nosingletons	26002	12178	10614
nosingletons	26002	12143	1565367
nosingletons	26002	12141	15761
nosingletons	26002	12076	23103
nosingletons	26002	12073	29901
nosingletons	26002	12179	30363
nosingletons	26002	12169	5525
nosingletons	26002	12135	61733
nosingletons	26002	12148	7830
nosingletons	26002	12037	9390
nosingletons	27002	12485	10614
nosingletons	27002	12439	1565367
nosingletons	27002	12415	15761
nosingletons	27002	12344	23103
nosingletons	27002	12379	29901
nosingletons	27002	12461	30363
nosingletons	27002	12445	5525
nosingletons	27002	12418	61733
nosingletons	27002	12451	7830
nosingletons	27002	12288	9390
nosingletons	28002	12757	10614
nosingletons	28002	12689	1565367
nosingletons	28002	12692	15761
nosingletons	28002	12629	23103
nosingletons	28002	12628	29901
nosingletons	28002	12763	30363
nosingletons	28002	12711	5525
nosingletons	28002	12679	61733
nosingletons	28002	12718	7830
nosingletons	28002	12569	9390
nosingletons	29002	13028	10614
nosingletons	29002	12977	1565367
nosingletons	29002	12952	15761
nosingletons	29002	12890	23103
nosingletons	29002	12897	29901
nosingletons	29002	13047	30363
nosingletons	29002	12971	5525
nosingletons	29002	12951	61733
nosingletons	29002	12996	7830
nosingletons	29002	12826	9390
nosingletons	2	3	10614
nosingletons	2	3	1565367
nosingletons	2	3	15761
nosingletons	2	3	23103
nosingletons	2	3	29901
nosingletons	2	3	30363
nosingletons	2	3	5525
nosingletons	2	3	61733
nosingletons	2	3	7830
nosingletons	2	3	9390
nosingletons	30002	13294	10614
nosingletons	30002	13220	1565367
nosingletons	30002	13224	15761
nosingletons	30002	13159	23103
nosingletons	30002	13146	29901
nosingletons	30002	13285	30363
nosingletons	30002	13239	5525
nosingletons	30002	13248	61733
nosingletons	30002	13255	7830
nosingletons	30002	13097	9390
nosingletons	3002	2337	10614
nosingletons	3002	2347	1565367
nosingletons	3002	2356	15761
nosingletons	3002	2342	23103
nosingletons	3002	2312	29901
nosingletons	3002	2353	30363
nosingletons	3002	2343	5525
nosingletons	3002	2310	61733
nosingletons	3002	2338	7830
nosingletons	3002	2314	9390
nosingletons	31002	13522	10614
nosingletons	31002	13491	1565367
nosingletons	31002	13465	15761
nosingletons	31002	13425	23103
nosingletons	31002	13422	29901
nosingletons	31002	13539	30363
nosingletons	31002	13460	5525
nosingletons	31002	13478	61733
nosingletons	31002	13508	7830
nosingletons	31002	13349	9390
nosingletons	32002	13738	10614
nosingletons	32002	13718	1565367
nosingletons	32002	13721	15761
nosingletons	32002	13662	23103
nosingletons	32002	13675	29901
nosingletons	32002	13776	30363
nosingletons	32002	13694	5525
nosingletons	32002	13699	61733
nosingletons	32002	13775	7830
nosingletons	32002	13616	9390
nosingletons	33002	13998	10614
nosingletons	33002	13963	1565367
nosingletons	33002	13996	15761
nosingletons	33002	13908	23103
nosingletons	33002	13927	29901
nosingletons	33002	14020	30363
nosingletons	33002	13934	5525
nosingletons	33002	13950	61733
nosingletons	33002	14007	7830
nosingletons	33002	13857	9390
nosingletons	34002	14250	10614
nosingletons	34002	14187	1565367
nosingletons	34002	14254	15761
nosingletons	34002	14151	23103
nosingletons	34002	14155	29901
nosingletons	34002	14253	30363
nosingletons	34002	14173	5525
nosingletons	34002	14191	61733
nosingletons	34002	14261	7830
nosingletons	34002	14089	9390
nosingletons	35002	14474	10614
nosingletons	35002	14437	1565367
nosingletons	35002	14469	15761
nosingletons	35002	14371	23103
nosingletons	35002	14381	29901
nosingletons	35002	14479	30363
nosingletons	35002	14390	5525
nosingletons	35002	14409	61733
nosingletons	35002	14479	7830
nosingletons	35002	14304	9390
nosingletons	36002	14670	10614
nosingletons	36002	14668	1565367
nosingletons	36002	14686	15761
nosingletons	36002	14589	23103
nosingletons	36002	14596	29901
nosingletons	36002	14700	30363
nosingletons	36002	14627	5525
nosingletons	36002	14623	61733
nosingletons	36002	14704	7830
nosingletons	36002	14535	9390
nosingletons	37002	14911	10614
nosingletons	37002	14865	1565367
nosingletons	37002	14907	15761
nosingletons	37002	14803	23103
nosingletons	37002	14814	29901
nosingletons	37002	14915	30363
nosingletons	37002	14834	5525
nosingletons	37002	14830	61733
nosingletons	37002	14919	7830
nosingletons	37002	14743	9390
nosingletons	38002	15131	10614
nosingletons	38002	15084	1565367
nosingletons	38002	15122	15761
nosingletons	38002	14995	23103
nosingletons	38002	15033	29901
nosingletons	38002	15110	30363
nosingletons	38002	15042	5525
nosingletons	38002	15034	61733
nosingletons	38002	15117	7830
nosingletons	38002	14954	9390
nosingletons	39002	15322	10614
nosingletons	39002	15279	1565367
nosingletons	39002	15337	15761
nosingletons	39002	15211	23103
nosingletons	39002	15235	29901
nosingletons	39002	15311	30363
nosingletons	39002	15249	5525
nosingletons	39002	15253	61733
nosingletons	39002	15315	7830
nosingletons	39002	15168	9390
nosingletons	40002	15526	10614
nosingletons	40002	15503	1565367
nosingletons	40002	15511	15761
nosingletons	40002	15427	23103
nosingletons	40002	15455	29901
nosingletons	40002	15527	30363
nosingletons	40002	15439	5525
nosingletons	40002	15435	61733
nosingletons	40002	15502	7830
nosingletons	40002	15347	9390
nosingletons	4002	2963	10614
nosingletons	4002	2970	1565367
nosingletons	4002	3013	15761
nosingletons	4002	2989	23103
nosingletons	4002	2960	29901
nosingletons	4002	2988	30363
nosingletons	4002	3012	5525
nosingletons	4002	2963	61733
nosingletons	4002	2971	7830
nosingletons	4002	2967	9390
nosingletons	41002	15740	10614
nosingletons	41002	15701	1565367
nosingletons	41002	15702	15761
nosingletons	41002	15593	23103
nosingletons	41002	15634	29901
nosingletons	41002	15735	30363
nosingletons	41002	15615	5525
nosingletons	41002	15620	61733
nosingletons	41002	15699	7830
nosingletons	41002	15550	9390
nosingletons	42002	15914	10614
nosingletons	42002	15874	1565367
nosingletons	42002	15872	15761
nosingletons	42002	15785	23103
nosingletons	42002	15816	29901
nosingletons	42002	15921	30363
nosingletons	42002	15803	5525
nosingletons	42002	15802	61733
nosingletons	42002	15882	7830
nosingletons	42002	15742	9390
nosingletons	43002	16105	10614
nosingletons	43002	16058	1565367
nosingletons	43002	16063	15761
nosingletons	43002	15960	23103
nosingletons	43002	15996	29901
nosingletons	43002	16110	30363
nosingletons	43002	15995	5525
nosingletons	43002	15995	61733
nosingletons	43002	16059	7830
nosingletons	43002	15924	9390
nosingletons	44002	16275	10614
nosingletons	44002	16245	1565367
nosingletons	44002	16223	15761
nosingletons	44002	16130	23103
nosingletons	44002	16186	29901
nosingletons	44002	16277	30363
nosingletons	44002	16182	5525
nosingletons	44002	16188	61733
nosingletons	44002	16263	7830
nosingletons	44002	16111	9390
nosingletons	45002	16464	10614
nosingletons	45002	16426	1565367
nosingletons	45002	16406	15761
nosingletons	45002	16295	23103
nosingletons	45002	16361	29901
nosingletons	45002	16428	30363
nosingletons	45002	16343	5525
nosingletons	45002	16355	61733
nosingletons	45002	16427	7830
nosingletons	45002	16266	9390
nosingletons	46002	16647	10614
nosingletons	46002	16610	1565367
nosingletons	46002	16557	15761
nosingletons	46002	16441	23103
nosingletons	46002	16539	29901
nosingletons	46002	16583	30363
nosingletons	46002	16515	5525
nosingletons	46002	16525	61733
nosingletons	46002	16589	7830
nosingletons	46002	16455	9390
nosingletons	47002	16805	10614
nosingletons	47002	16788	1565367
nosingletons	47002	16703	15761
nosingletons	47002	16632	23103
nosingletons	47002	16722	29901
nosingletons	47002	16745	30363
nosingletons	47002	16686	5525
nosingletons	47002	16701	61733
nosingletons	47002	16737	7830
nosingletons	47002	16624	9390
nosingletons	48002	16941	10614
nosingletons	48002	16967	1565367
nosingletons	48002	16859	15761
nosingletons	48002	16798	23103
nosingletons	48002	16881	29901
nosingletons	48002	16895	30363
nosingletons	48002	16836	5525
nosingletons	48002	16843	61733
nosingletons	48002	16860	7830
nosingletons	48002	16785	9390
nosingletons	49002	17108	10614
nosingletons	49002	17096	1565367
nosingletons	49002	17014	15761
nosingletons	49002	16942	23103
nosingletons	49002	17055	29901
nosingletons	49002	17041	30363
nosingletons	49002	16994	5525
nosingletons	49002	17015	61733
nosingletons	49002	17010	7830
nosingletons	49002	16941	9390
nosingletons	50002	17267	10614
nosingletons	50002	17227	1565367
nosingletons	50002	17162	15761
nosingletons	50002	17099	23103
nosingletons	50002	17202	29901
nosingletons	50002	17194	30363
nosingletons	50002	17160	5525
nosingletons	50002	17173	61733
nosingletons	50002	17164	7830
nosingletons	50002	17096	9390
nosingletons	5002	3605	10614
nosingletons	5002	3606	1565367
nosingletons	5002	3622	15761
nosingletons	5002	3596	23103
nosingletons	5002	3579	29901
nosingletons	5002	3609	30363
nosingletons	5002	3622	5525
nosingletons	5002	3578	61733
nosingletons	5002	3594	7830
nosingletons	5002	3577	9390
nosingletons	51002	17382	10614
nosingletons	51002	17380	1565367
nosingletons	51002	17305	15761
nosingletons	51002	17247	23103
nosingletons	51002	17358	29901
nosingletons	51002	17315	30363
nosingletons	51002	17322	5525
nosingletons	51002	17334	61733
nosingletons	51002	17302	7830
nosingletons	51002	17232	9390
nosingletons	52002	17520	10614
nosingletons	52002	17514	1565367
nosingletons	52002	17453	15761
nosingletons	52002	17380	23103
nosingletons	52002	17515	29901
nosingletons	52002	17450	30363
nosingletons	52002	17457	5525
nosingletons	52002	17490	61733
nosingletons	52002	17438	7830
nosingletons	52002	17379	9390
nosingletons	53002	17649	10614
nosingletons	53002	17651	1565367
nosingletons	53002	17584	15761
nosingletons	53002	17507	23103
nosingletons	53002	17639	29901
nosingletons	53002	17580	30363
nosingletons	53002	17588	5525
nosingletons	53002	17628	61733
nosingletons	53002	17574	7830
nosingletons	53002	17520	9390
nosingletons	54002	17772	10614
nosingletons	54002	17783	1565367
nosingletons	54002	17727	15761
nosingletons	54002	17641	23103
nosingletons	54002	17759	29901
nosingletons	54002	17688	30363
nosingletons	54002	17743	5525
nosingletons	54002	17755	61733
nosingletons	54002	17704	7830
nosingletons	54002	17652	9390
nosingletons	55002	17910	10614
nosingletons	55002	17904	1565367
nosingletons	55002	17856	15761
nosingletons	55002	17756	23103
nosingletons	55002	17890	29901
nosingletons	55002	17831	30363
nosingletons	55002	17864	5525
nosingletons	55002	17887	61733
nosingletons	55002	17827	7830
nosingletons	55002	17771	9390
nosingletons	56002	18030	10614
nosingletons	56002	18027	1565367
nosingletons	56002	17986	15761
nosingletons	56002	17887	23103
nosingletons	56002	18012	29901
nosingletons	56002	17936	30363
nosingletons	56002	18003	5525
nosingletons	56002	18008	61733
nosingletons	56002	17955	7830
nosingletons	56002	17899	9390
nosingletons	57002	18147	10614
nosingletons	57002	18159	1565367
nosingletons	57002	18118	15761
nosingletons	57002	17990	23103
nosingletons	57002	18129	29901
nosingletons	57002	18063	30363
nosingletons	57002	18111	5525
nosingletons	57002	18145	61733
nosingletons	57002	18078	7830
nosingletons	57002	18025	9390
nosingletons	58002	18258	10614
nosingletons	58002	18252	1565367
nosingletons	58002	18221	15761
nosingletons	58002	18106	23103
nosingletons	58002	18251	29901
nosingletons	58002	18196	30363
nosingletons	58002	18231	5525
nosingletons	58002	18256	61733
nosingletons	58002	18195	7830
nosingletons	58002	18148	9390
nosingletons	59002	18351	10614
nosingletons	59002	18358	1565367
nosingletons	59002	18338	15761
nosingletons	59002	18242	23103
nosingletons	59002	18334	29901
nosingletons	59002	18298	30363
nosingletons	59002	18330	5525
nosingletons	59002	18377	61733
nosingletons	59002	18293	7830
nosingletons	59002	18266	9390
nosingletons	60002	18454	10614
nosingletons	60002	18456	1565367
nosingletons	60002	18439	15761
nosingletons	60002	18354	23103
nosingletons	60002	18441	29901
nosingletons	60002	18394	30363
nosingletons	60002	18428	5525
nosingletons	60002	18477	61733
nosingletons	60002	18406	7830
nosingletons	60002	18376	9390
nosingletons	6002	4199	10614
nosingletons	6002	4193	1565367
nosingletons	6002	4202	15761
nosingletons	6002	4162	23103
nosingletons	6002	4118	29901
nosingletons	6002	4135	30363
nosingletons	6002	4224	5525
nosingletons	6002	4165	61733
nosingletons	6002	4183	7830
nosingletons	6002	4132	9390
nosingletons	61002	18561	10614
nosingletons	61002	18556	1565367
nosingletons	61002	18550	15761
nosingletons	61002	18473	23103
nosingletons	61002	18543	29901
nosingletons	61002	18494	30363
nosingletons	61002	18537	5525
nosingletons	61002	18569	61733
nosingletons	61002	18514	7830
nosingletons	61002	18483	9390
nosingletons	62002	18645	10614
nosingletons	62002	18661	1565367
nosingletons	62002	18645	15761
nosingletons	62002	18578	23103
nosingletons	62002	18641	29901
nosingletons	62002	18604	30363
nosingletons	62002	18632	5525
nosingletons	62002	18681	61733
nosingletons	62002	18609	7830
nosingletons	62002	18576	9390
nosingletons	63002	18742	10614
nosingletons	63002	18758	1565367
nosingletons	63002	18733	15761
nosingletons	63002	18676	23103
nosingletons	63002	18741	29901
nosingletons	63002	18685	30363
nosingletons	63002	18726	5525
nosingletons	63002	18774	61733
nosingletons	63002	18695	7830
nosingletons	63002	18675	9390
nosingletons	64002	18839	10614
nosingletons	64002	18838	1565367
nosingletons	64002	18828	15761
nosingletons	64002	18763	23103
nosingletons	64002	18838	29901
nosingletons	64002	18785	30363
nosingletons	64002	18808	5525
nosingletons	64002	18852	61733
nosingletons	64002	18780	7830
nosingletons	64002	18770	9390
nosingletons	65002	18927	10614
nosingletons	65002	18922	1565367
nosingletons	65002	18909	15761
nosingletons	65002	18843	23103
nosingletons	65002	18932	29901
nosingletons	65002	18876	30363
nosingletons	65002	18894	5525
nosingletons	65002	18932	61733
nosingletons	65002	18854	7830
nosingletons	65002	18857	9390
nosingletons	66002	19026	10614
nosingletons	66002	18992	1565367
nosingletons	66002	18988	15761
nosingletons	66002	18938	23103
nosingletons	66002	19017	29901
nosingletons	66002	18958	30363
nosingletons	66002	18972	5525
nosingletons	66002	19007	61733
nosingletons	66002	18953	7830
nosingletons	66002	18946	9390
nosingletons	67002	19098	10614
nosingletons	67002	19071	1565367
nosingletons	67002	19050	15761
nosingletons	67002	19011	23103
nosingletons	67002	19091	29901
nosingletons	67002	19019	30363
nosingletons	67002	19071	5525
nosingletons	67002	19083	61733
nosingletons	67002	19043	7830
nosingletons	67002	19018	9390
nosingletons	68002	19168	10614
nosingletons	68002	19140	1565367
nosingletons	68002	19118	15761
nosingletons	68002	19087	23103
nosingletons	68002	19165	29901
nosingletons	68002	19104	30363
nosingletons	68002	19138	5525
nosingletons	68002	19159	61733
nosingletons	68002	19118	7830
nosingletons	68002	19101	9390
nosingletons	69002	19235	10614
nosingletons	69002	19211	1565367
nosingletons	69002	19190	15761
nosingletons	69002	19166	23103
nosingletons	69002	19241	29901
nosingletons	69002	19185	30363
nosingletons	69002	19211	5525
nosingletons	69002	19240	61733
nosingletons	69002	19190	7830
nosingletons	69002	19191	9390
nosingletons	70002	19301	10614
nosingletons	70002	19277	1565367
nosingletons	70002	19273	15761
nosingletons	70002	19224	23103
nosingletons	70002	19315	29901
nosingletons	70002	19265	30363
nosingletons	70002	19282	5525
nosingletons	70002	19307	61733
nosingletons	70002	19276	7830
nosingletons	70002	19278	9390
nosingletons	7002	4759	10614
nosingletons	7002	4736	1565367
nosingletons	7002	4754	15761
nosingletons	7002	4690	23103
nosingletons	7002	4668	29901
nosingletons	7002	4671	30363
nosingletons	7002	4739	5525
nosingletons	7002	4700	61733
nosingletons	7002	4707	7830
nosingletons	7002	4689	9390
nosingletons	71002	19360	10614
nosingletons	71002	19337	1565367
nosingletons	71002	19333	15761
nosingletons	71002	19292	23103
nosingletons	71002	19375	29901
nosingletons	71002	19324	30363
nosingletons	71002	19344	5525
nosingletons	71002	19373	61733
nosingletons	71002	19347	7830
nosingletons	71002	19344	9390
nosingletons	72002	19441	10614
nosingletons	72002	19398	1565367
nosingletons	72002	19395	15761
nosingletons	72002	19353	23103
nosingletons	72002	19435	29901
nosingletons	72002	19392	30363
nosingletons	72002	19393	5525
nosingletons	72002	19426	61733
nosingletons	72002	19404	7830
nosingletons	72002	19411	9390
nosingletons	73002	19511	10614
nosingletons	73002	19467	1565367
nosingletons	73002	19454	15761
nosingletons	73002	19412	23103
nosingletons	73002	19499	29901
nosingletons	73002	19457	30363
nosingletons	73002	19454	5525
nosingletons	73002	19490	61733
nosingletons	73002	19462	7830
nosingletons	73002	19469	9390
nosingletons	74002	19570	10614
nosingletons	74002	19523	1565367
nosingletons	74002	19525	15761
nosingletons	74002	19476	23103
nosingletons	74002	19548	29901
nosingletons	74002	19522	30363
nosingletons	74002	19506	5525
nosingletons	74002	19541	61733
nosingletons	74002	19518	7830
nosingletons	74002	19528	9390
nosingletons	75002	19619	10614
nosingletons	75002	19574	1565367
nosingletons	75002	19587	15761
nosingletons	75002	19534	23103
nosingletons	75002	19597	29901
nosingletons	75002	19577	30363
nosingletons	75002	19552	5525
nosingletons	75002	19591	61733
nosingletons	75002	19567	7830
nosingletons	75002	19588	9390
nosingletons	76002	19657	10614
nosingletons	76002	19620	1565367
nosingletons	76002	19634	15761
nosingletons	76002	19591	23103
nosingletons	76002	19643	29901
nosingletons	76002	19630	30363
nosingletons	76002	19616	5525
nosingletons	76002	19636	61733
nosingletons	76002	19618	7830
nosingletons	76002	19625	9390
nosingletons	77002	19693	10614
nosingletons	77002	19669	1565367
nosingletons	77002	19678	15761
nosingletons	77002	19643	23103
nosingletons	77002	19683	29901
nosingletons	77002	19682	30363
nosingletons	77002	19668	5525
nosingletons	77002	19678	61733
nosingletons	77002	19676	7830
nosingletons	77002	19673	9390
nosingletons	78002	19732	10614
nosingletons	78002	19711	1565367
nosingletons	78002	19740	15761
nosingletons	78002	19699	23103
nosingletons	78002	19724	29901
nosingletons	78002	19725	30363
nosingletons	78002	19718	5525
nosingletons	78002	19717	61733
nosingletons	78002	19719	7830
nosingletons	78002	19705	9390
nosingletons	79002	19778	10614
nosingletons	79002	19758	1565367
nosingletons	79002	19774	15761
nosingletons	79002	19761	23103
nosingletons	79002	19767	29901
nosingletons	79002	19752	30363
nosingletons	79002	19752	5525
nosingletons	79002	19756	61733
nosingletons	79002	19770	7830
nosingletons	79002	19741	9390
nosingletons	80002	19807	10614
nosingletons	80002	19796	1565367
nosingletons	80002	19807	15761
nosingletons	80002	19791	23103
nosingletons	80002	19801	29901
nosingletons	80002	19792	30363
nosingletons	80002	19783	5525
nosingletons	80002	19795	61733
nosingletons	80002	19797	7830
nosingletons	80002	19775	9390
nosingletons	8002	5266	10614
nosingletons	8002	5261	1565367
nosingletons	8002	5267	15761
nosingletons	8002	5268	23103
nosingletons	8002	5176	29901
nosingletons	8002	5199	30363
nosingletons	8002	5264	5525
nosingletons	8002	5232	61733
nosingletons	8002	5249	7830
nosingletons	8002	5181	9390
nosingletons	81002	19838	10614
nosingletons	81002	19829	1565367
nosingletons	81002	19845	15761
nosingletons	81002	19832	23103
nosingletons	81002	19844	29901
nosingletons	81002	19832	30363
nosingletons	81002	19813	5525
nosingletons	81002	19837	61733
nosingletons	81002	19831	7830
nosingletons	81002	19811	9390
nosingletons	82002	19861	10614
nosingletons	82002	19857	1565367
nosingletons	82002	19871	15761
nosingletons	82002	19874	23103
nosingletons	82002	19876	29901
nosingletons	82002	19863	30363
nosingletons	82002	19841	5525
nosingletons	82002	19866	61733
nosingletons	82002	19856	7830
nosingletons	82002	19840	9390
nosingletons	83002	19893	10614
nosingletons	83002	19890	1565367
nosingletons	83002	19891	15761
nosingletons	83002	19894	23103
nosingletons	83002	19911	29901
nosingletons	83002	19886	30363
nosingletons	83002	19871	5525
nosingletons	83002	19887	61733
nosingletons	83002	19888	7830
nosingletons	83002	19868	9390
nosingletons	84002	19918	10614
nosingletons	84002	19912	1565367
nosingletons	84002	19914	15761
nosingletons	84002	19917	23103
nosingletons	84002	19932	29901
nosingletons	84002	19910	30363
nosingletons	84002	19892	5525
nosingletons	84002	19913	61733
nosingletons	84002	19905	7830
nosingletons	84002	19893	9390
nosingletons	85002	19944	10614
nosingletons	85002	19937	1565367
nosingletons	85002	19938	15761
nosingletons	85002	19942	23103
nosingletons	85002	19960	29901
nosingletons	85002	19931	30363
nosingletons	85002	19927	5525
nosingletons	85002	19936	61733
nosingletons	85002	19930	7830
nosingletons	85002	19922	9390
nosingletons	86002	19966	10614
nosingletons	86002	19958	1565367
nosingletons	86002	19960	15761
nosingletons	86002	19963	23103
nosingletons	86002	19977	29901
nosingletons	86002	19952	30363
nosingletons	86002	19950	5525
nosingletons	86002	19956	61733
nosingletons	86002	19946	7830
nosingletons	86002	19939	9390
nosingletons	87002	19983	10614
nosingletons	87002	19975	1565367
nosingletons	87002	19973	15761
nosingletons	87002	19978	23103
nosingletons	87002	19988	29901
nosingletons	87002	19972	30363
nosingletons	87002	19963	5525
nosingletons	87002	19973	61733
nosingletons	87002	19970	7830
nosingletons	87002	19969	9390
nosingletons	88002	19992	10614
nosingletons	88002	19993	1565367
nosingletons	88002	19992	15761
nosingletons	88002	19993	23103
nosingletons	88002	20001	29901
nosingletons	88002	19990	30363
nosingletons	88002	19981	5525
nosingletons	88002	19987	61733
nosingletons	88002	19986	7830
nosingletons	88002	19989	9390
nosingletons	89002	19999	10614
nosingletons	89002	20004	1565367
nosingletons	89002	20004	15761
nosingletons	89002	20002	23103
nosingletons	89002	20009	29901
nosingletons	89002	19997	30363
nosingletons	89002	19997	5525
nosingletons	89002	20000	61733
nosingletons	89002	19997	7830
nosingletons	89002	20004	9390
nosingletons	90002	20008	10614
nosingletons	90002	20014	1565367
nosingletons	90002	20011	15761
nosingletons	90002	20010	23103
nosingletons	90002	20013	29901
nosingletons	90002	20007	30363
nosingletons	90002	20006	5525
nosingletons	90002	20009	61733
nosingletons	90002	20007	7830
nosingletons	90002	20010	9390
nosingletons	9002	5782	10614
nosingletons	9002	5763	1565367
nosingletons	9002	5766	15761
nosingletons	9002	5756	23103
nosingletons	9002	5696	29901
nosingletons	9002	5710	30363
nosingletons	9002	5770	5525
nosingletons	9002	5720	61733
nosingletons	9002	5774	7830
nosingletons	9002	5672	9390
nosingletons	91002	20014	10614
nosingletons	91002	20018	1565367
nosingletons	91002	20015	15761
nosingletons	91002	20016	23103
nosingletons	91002	20020	29901
nosingletons	91002	20016	30363
nosingletons	91002	20018	5525
nosingletons	91002	20016	61733
nosingletons	91002	20015	7830
nosingletons	91002	20017	9390
nosingletons	92002	20019	10614
nosingletons	92002	20021	1565367
nosingletons	92002	20019	15761
nosingletons	92002	20018	23103
nosingletons	92002	20021	29901
nosingletons	92002	20021	30363
nosingletons	92002	20020	5525
nosingletons	92002	20021	61733
nosingletons	92002	20020	7830
nosingletons	92002	20021	9390
nosingletons	92784	20021	10614
nosingletons	92784	20021	1565367
nosingletons	92784	20021	15761
nosingletons	92784	20021	23103
nosingletons	92784	20021	29901
nosingletons	92784	20021	30363
nosingletons	92784	20021	5525
nosingletons	92784	20021	61733
nosingletons	92784	20021	7830
nosingletons	92784	20021	9390
nosingletons	92784	20021	9390
